match_number,date,time_local,group,home_team,away_team,predicted_score,predicted_score_outcome,predicted_score_probability,top_scorelines,ensemble_home_win,ensemble_draw,ensemble_away_win,form_poisson_home_expected_goals,form_poisson_away_expected_goals,most_likely_outcome,most_likely_probability
1,2026-06-11,1:00 p.m.,A,Mexico,South Africa,1-0,home_win,0.1756262704840288,1-0 (0.176); 0-0 (0.170); 1-1 (0.130); 0-1 (0.125); 2-0 (0.091),0.6498228085538122,0.2359566181070984,0.1142205733390893,1.0355373747432748,0.7387801394729949,home_win,0.6498228085538122
2,2026-06-11,8:00 p.m.,A,South Korea,Czech Republic,1-1,draw,0.1129897329571592,1-1 (0.113); 2-1 (0.087); 1-2 (0.081); 1-0 (0.079); 0-1 (0.074),0.4375018674340281,0.2236075274553394,0.3388906051106325,1.5343161805928414,1.4362945698009069,home_win,0.4375018674340281
3,2026-06-12,3:00 p.m.,B,Canada,Bosnia and Herzegovina,1-0,home_win,0.167131755688566,1-0 (0.167); 0-0 (0.131); 1-1 (0.127); 2-0 (0.106); 0-1 (0.099),0.5983570436977029,0.2307791631297129,0.1708637931725841,1.2728997576831362,0.7573707472758989,home_win,0.5983570436977029
4,2026-06-12,6:00 p.m.,D,United States,Paraguay,1-1,draw,0.1140148915163317,1-1 (0.114); 1-0 (0.097); 2-1 (0.095); 2-0 (0.081); 0-1 (0.068),0.4599486341255088,0.2232734487806909,0.3167779170938004,1.672638303584974,1.1713407928806878,home_win,0.4599486341255088
5,2026-06-13,9:00 p.m.,C,Haiti,Scotland,1-1,draw,0.1124909097256752,1-1 (0.112); 2-1 (0.088); 1-0 (0.080); 1-2 (0.079); 0-1 (0.072),0.2089542557961141,0.223465586896222,0.5675801573076639,1.5727733980521268,1.404960057824912,away_win,0.5675801573076639
6,2026-06-13,9:00 p.m.,D,Australia,Turkey,1-1,draw,0.1238749419617532,1-1 (0.124); 1-0 (0.109); 2-1 (0.090); 0-1 (0.085); 2-0 (0.080),0.3760382505045757,0.2260676600156732,0.3978940894797511,1.4563810892176148,1.132366147261761,away_win,0.3978940894797511
7,2026-06-13,6:00 p.m.,C,Brazil,Morocco,0-1,away_win,0.1710405180111797,0-1 (0.171); 0-2 (0.139); 1-1 (0.107); 0-0 (0.105); 1-2 (0.087),0.4213216210131308,0.2235123707528717,0.3551660082339976,0.6275937688543292,1.6217969848928298,home_win,0.4213216210131308
8,2026-06-13,12:00 p.m.,B,Qatar,Switzerland,0-1,away_win,0.1128874493752239,0-1 (0.113); 0-2 (0.110); 1-1 (0.101); 1-2 (0.099); 0-3 (0.072),0.067320812648273,0.2189922058770511,0.7136869814746759,0.8979201914456271,1.9526251527854028,away_win,0.7136869814746759
9,2026-06-14,7:00 p.m.,E,Ivory Coast,Ecuador,0-0,draw,0.2498290738775434,0-0 (0.250); 1-0 (0.216); 0-1 (0.131); 1-1 (0.113); 2-0 (0.093),0.3023224742118621,0.2434263713734071,0.4542511544147308,0.8635271286890495,0.5234511730308399,away_win,0.4542511544147308
10,2026-06-14,12:00 p.m.,E,Germany,Curaçao,3-1,home_win,0.0771954322437284,3-1 (0.077); 2-1 (0.071); 4-1 (0.063); 3-0 (0.057); 3-2 (0.053),0.7457010672791151,0.20692130123402,0.0473776314868648,3.2810617211670072,1.364471507398845,home_win,0.7457010672791151
11,2026-06-14,3:00 p.m.,F,Netherlands,Japan,1-1,draw,0.1179152309726806,1-1 (0.118); 0-1 (0.097); 1-2 (0.092); 0-2 (0.076); 1-0 (0.075),0.3807899241519755,0.2243959239630835,0.3948141518849409,1.21026733690566,1.5684555668963427,away_win,0.3948141518849409
12,2026-06-14,8:00 p.m.,F,Sweden,Tunisia,1-1,draw,0.1042807076115568,1-1 (0.104); 2-1 (0.085); 1-2 (0.082); 2-2 (0.067); 1-0 (0.067),0.5313265034397128,0.2221150221422629,0.2465584744180243,1.6351772767905108,1.5653621429356162,home_win,0.5313265034397128
13,2026-06-15,6:00 p.m.,H,Saudi Arabia,Uruguay,0-0,draw,0.2032413090515676,0-0 (0.203); 0-1 (0.181); 1-0 (0.142); 1-1 (0.127); 0-2 (0.081),0.1519344504590669,0.239750931867431,0.608314617673502,0.7005271863502271,0.8928341084590391,away_win,0.608314617673502
14,2026-06-15,12:00 p.m.,H,Spain,Cape Verde,2-0,home_win,0.1198231466456696,2-0 (0.120); 1-0 (0.114); 2-1 (0.097); 1-1 (0.093); 3-0 (0.084),0.7427957124255838,0.2162846448127971,0.040919642761619,2.097398473238326,0.8126010949588056,home_win,0.7427957124255838
15,2026-06-15,6:00 p.m.,G,Iran,New Zealand,1-0,home_win,0.1224123729689265,1-0 (0.122); 2-0 (0.116); 1-1 (0.103); 2-1 (0.098); 3-0 (0.073),0.6318213046185643,0.2196543369569182,0.1485243584245173,1.8933410471366523,0.845366807402059,home_win,0.6318213046185643
16,2026-06-15,12:00 p.m.,G,Belgium,Egypt,1-0,home_win,0.1453839803693063,1-0 (0.145); 1-1 (0.126); 0-0 (0.104); 2-0 (0.102); 0-1 (0.090),0.5926344764422946,0.2280272079211222,0.1793383156365831,1.3968748071261134,0.8657398289383404,home_win,0.5926344764422946
17,2026-06-16,3:00 p.m.,I,France,Senegal,1-1,draw,0.125181518193644,1-1 (0.125); 0-1 (0.108); 1-0 (0.089); 1-2 (0.088); 0-0 (0.077),0.5812674273860757,0.2264834235911574,0.192249149022767,1.1596597273854796,1.410162979517838,home_win,0.5812674273860757
18,2026-06-16,6:00 p.m.,I,Iraq,Norway,0-1,away_win,0.137105568387293,0-1 (0.137); 0-2 (0.122); 1-1 (0.108); 1-2 (0.096); 0-0 (0.077),0.1091554943726935,0.2213303881868691,0.6695141174404373,0.7856706201561894,1.775312881294905,away_win,0.6695141174404373
19,2026-06-16,8:00 p.m.,J,Argentina,Algeria,1-0,home_win,0.1655350403899976,1-0 (0.166); 0-0 (0.161); 1-1 (0.132); 0-1 (0.128); 2-0 (0.085),0.610301391588195,0.2353927655914908,0.1543058428203141,1.029837745966057,0.7981359123663443,home_win,0.610301391588195
20,2026-06-16,9:00 p.m.,J,Austria,Jordan,2-0,home_win,0.1095049219690842,2-0 (0.110); 1-0 (0.099); 2-1 (0.098); 1-1 (0.088); 3-0 (0.081),0.6183132175134713,0.2150489616880106,0.166637820798518,2.2227944441288625,0.8933962000514217,home_win,0.6183132175134713
21,2026-06-17,7:00 p.m.,L,Ghana,Panama,1-1,draw,0.1147255623437139,1-1 (0.115); 1-2 (0.093); 0-1 (0.091); 0-2 (0.073); 2-1 (0.072),0.2223840130810278,0.2236873357817152,0.5539286511372569,1.2637319971416037,1.6147001802962169,away_win,0.5539286511372569
22,2026-06-17,3:00 p.m.,L,England,Croatia,1-0,home_win,0.1456905419196673,1-0 (0.146); 2-0 (0.118); 1-1 (0.115); 2-1 (0.093); 0-0 (0.090),0.5212374100880184,0.2240916270884605,0.254670962823521,1.6193063429442764,0.7889631639566931,home_win,0.5212374100880184
23,2026-06-17,12:00 p.m.,K,Portugal,DR Congo,1-0,home_win,0.1628063001235133,1-0 (0.163); 0-0 (0.146); 1-1 (0.132); 0-1 (0.118); 2-0 (0.091),0.643662651651432,0.2336215646144681,0.1227157837340998,1.1132217752919409,0.8092306944476286,home_win,0.643662651651432
24,2026-06-17,8:00 p.m.,K,Uzbekistan,Colombia,0-1,away_win,0.1337970195985282,0-1 (0.134); 1-1 (0.131); 0-0 (0.105); 1-0 (0.103); 0-2 (0.085),0.1562711828050564,0.2295116637550785,0.614217153439865,0.9802854982711048,1.2707655043616624,away_win,0.614217153439865
25,2026-06-18,12:00 p.m.,A,Czech Republic,South Africa,1-1,draw,0.1284537593012529,1-1 (0.128); 1-0 (0.113); 0-1 (0.097); 0-0 (0.085); 2-1 (0.085),0.5608337456644068,0.2276537792450869,0.2115124750905063,1.3258813262329254,1.1351277917388898,home_win,0.5608337456644068
26,2026-06-18,12:00 p.m.,B,Switzerland,Bosnia and Herzegovina,1-1,draw,0.1099261574794566,1-1 (0.110); 1-0 (0.105); 2-1 (0.098); 2-0 (0.094); 0-1 (0.061),0.6488916544818851,0.2218102908120688,0.129298054706046,1.7883976821334218,1.0423390784383828,home_win,0.6488916544818851
27,2026-06-18,3:00 p.m.,B,Canada,Qatar,1-0,home_win,0.1803110448069583,1-0 (0.180); 0-0 (0.130); 2-0 (0.125); 1-1 (0.118); 0-1 (0.085),0.6821554270270832,0.2285340217199557,0.089310551252961,1.3897893676878004,0.6524349901647613,home_win,0.6821554270270832
28,2026-06-18,7:00 p.m.,A,Mexico,South Korea,1-0,home_win,0.1345999757517935,1-0 (0.135); 1-1 (0.134); 0-0 (0.120); 0-1 (0.120); 2-0 (0.075),0.4932153713800628,0.2315601059505981,0.275224522669339,1.1217721214880154,0.9985856483679448,home_win,0.4932153713800628
29,2026-06-19,8:30 p.m.,C,Brazil,Haiti,1-1,draw,0.1097673427892766,1-1 (0.110); 2-1 (0.089); 1-2 (0.078); 1-0 (0.077); 0-1 (0.068),0.6790310483617926,0.2229409121898056,0.0980280394484018,1.621008575128038,1.4270267886683172,home_win,0.6790310483617926
30,2026-06-19,6:00 p.m.,C,Scotland,Morocco,0-1,away_win,0.1736699196987725,0-1 (0.174); 0-2 (0.155); 0-0 (0.097); 1-1 (0.094); 0-3 (0.092),0.2094681946325075,0.2195842312434896,0.5709475741240029,0.5439478799243778,1.7874360699709693,away_win,0.5709475741240029
31,2026-06-19,8:00 p.m.,D,Turkey,Paraguay,1-1,draw,0.1149171172697353,1-1 (0.115); 1-0 (0.108); 2-1 (0.097); 2-0 (0.091); 0-1 (0.068),0.499120887318891,0.2232943043888514,0.2775848082922575,1.6813669120039474,1.060962408785648,home_win,0.499120887318891
32,2026-06-19,12:00 p.m.,D,United States,Australia,1-1,draw,0.1176134340236474,1-1 (0.118); 0-1 (0.104); 1-2 (0.095); 0-2 (0.084); 1-0 (0.073),0.3570765900295475,0.2241743735986431,0.4187490363718094,1.126487608427802,1.6078972880228186,away_win,0.4187490363718094
33,2026-06-20,4:00 p.m.,E,Germany,Ivory Coast,1-1,draw,0.1243067668017061,1-1 (0.124); 0-1 (0.097); 1-0 (0.091); 1-2 (0.085); 2-1 (0.079),0.5375293746637864,0.2262219589311285,0.2362486664050851,1.2754769296893038,1.3612492774136549,home_win,0.5375293746637864
34,2026-06-20,7:00 p.m.,E,Ecuador,Curaçao,1-0,home_win,0.1474049628554316,1-0 (0.147); 1-1 (0.128); 0-0 (0.109); 2-0 (0.099); 0-1 (0.095),0.6910857883083931,0.2289127742162311,0.0800014374753757,1.3465360029285829,0.8655711944257627,home_win,0.6910857883083931
35,2026-06-20,12:00 p.m.,F,Netherlands,Sweden,2-1,home_win,0.0856995913874538,2-1 (0.086); 3-1 (0.075); 1-1 (0.065); 2-2 (0.061); 2-0 (0.060),0.5937903274018934,0.2133329056293743,0.1928767669687322,2.62569188132526,1.4183364172503297,home_win,0.5937903274018934
36,2026-06-20,10:00 p.m.,F,Tunisia,Japan,0-1,away_win,0.1440762468446775,0-1 (0.144); 0-2 (0.130); 1-1 (0.104); 1-2 (0.094); 0-0 (0.080),0.1018489625275584,0.2204316318562859,0.6777194056161557,0.7215266518885737,1.8082472334853832,away_win,0.6777194056161557
37,2026-06-21,6:00 p.m.,H,Uruguay,Cape Verde,0-0,draw,0.170842015874053,0-0 (0.171); 1-0 (0.159); 0-1 (0.143); 1-1 (0.133); 2-0 (0.074),0.6231335406277081,0.2368058777838186,0.1400605815884734,0.9309301524406224,0.8360858873574589,home_win,0.6231335406277081
38,2026-06-21,12:00 p.m.,H,Spain,Saudi Arabia,2-0,home_win,0.1370064216427839,2-0 (0.137); 1-0 (0.136); 2-1 (0.093); 1-1 (0.093); 3-0 (0.092),0.7406413557106275,0.2166230053558881,0.0427356389334844,2.011567560710772,0.6808500983981205,home_win,0.7406413557106275
39,2026-06-21,12:00 p.m.,G,Belgium,Iran,1-1,draw,0.1219354581697808,1-1 (0.122); 1-0 (0.099); 2-1 (0.089); 0-1 (0.084); 1-2 (0.075),0.5076030897430293,0.2255220953944601,0.2668748148625106,1.4589217740030809,1.2302883925981771,home_win,0.5076030897430293
40,2026-06-21,6:00 p.m.,G,New Zealand,Egypt,0-1,away_win,0.1564822715460045,0-1 (0.156); 1-1 (0.127); 0-0 (0.117); 0-2 (0.104); 1-0 (0.095),0.2264301808755836,0.2293954866543187,0.5441743324700977,0.809413922722135,1.3323223759011606,away_win,0.5441743324700977
41,2026-06-22,8:00 p.m.,I,Norway,Senegal,1-1,draw,0.1228865041032349,1-1 (0.123); 1-0 (0.093); 0-1 (0.090); 2-1 (0.084); 1-2 (0.081),0.5050835494833686,0.2258324472279503,0.269084003288681,1.361946066851519,1.3244919697562196,home_win,0.5050835494833686
42,2026-06-22,5:00 p.m.,I,France,Iraq,1-0,home_win,0.1444343150017965,1-0 (0.144); 1-1 (0.121); 2-0 (0.109); 0-0 (0.096); 2-1 (0.091),0.6974091368210645,0.226055657529285,0.0765352056496505,1.5116302341587715,0.8364894978132629,home_win,0.6974091368210645
43,2026-06-22,12:00 p.m.,J,Argentina,Austria,1-0,home_win,0.1623187534970074,1-0 (0.162); 1-1 (0.127); 0-0 (0.126); 2-0 (0.105); 0-1 (0.099),0.6052812436281938,0.2303293050441733,0.1643894513276328,1.2896154611642765,0.7829220109580273,home_win,0.6052812436281938
44,2026-06-22,8:00 p.m.,J,Jordan,Algeria,0-2,away_win,0.1304820233733745,0-2 (0.130); 0-1 (0.115); 0-3 (0.099); 1-2 (0.093); 1-1 (0.082),0.1823094706064353,0.2129202156348981,0.6047703137586665,0.7134321482816006,2.26598824255401,away_win,0.6047703137586665
45,2026-06-23,4:00 p.m.,L,England,Ghana,2-0,home_win,0.1582143762141462,2-0 (0.158); 1-0 (0.157); 3-0 (0.106); 2-1 (0.085); 1-1 (0.084),0.733785639372123,0.2151647262059385,0.0510496344219383,2.016851977957691,0.5368899076538182,home_win,0.733785639372123
46,2026-06-23,7:00 p.m.,L,Panama,Croatia,1-1,draw,0.1028096233275455,1-1 (0.103); 1-2 (0.095); 0-1 (0.079); 0-2 (0.074); 2-1 (0.067),0.1999341286108202,0.2210039348459762,0.5790619365432036,1.2964234720659211,1.857062277842316,away_win,0.5790619365432036
47,2026-06-23,12:00 p.m.,K,Portugal,Uzbekistan,1-0,home_win,0.1319969012010913,1-0 (0.132); 1-1 (0.122); 2-0 (0.101); 2-1 (0.093); 0-0 (0.087),0.6264716299278548,0.2257719059502187,0.1477564641219265,1.5236081178096612,0.9224506439830108,home_win,0.6264716299278548
48,2026-06-23,8:00 p.m.,K,Colombia,DR Congo,0-0,draw,0.1672192039489728,0-0 (0.167); 1-0 (0.155); 0-1 (0.144); 1-1 (0.134); 2-0 (0.072),0.6330814883685949,0.2364815028999329,0.1304370087314723,0.9284827339847338,0.8599670017006089,home_win,0.6330814883685949
49,2026-06-24,6:00 p.m.,C,Scotland,Brazil,1-1,draw,0.110583840348108,1-1 (0.111); 1-2 (0.093); 0-1 (0.084); 2-1 (0.073); 0-2 (0.070),0.1865834713422839,0.2228524418828465,0.5905640867748695,1.3186806009383365,1.6768529563399883,away_win,0.5905640867748695
50,2026-06-24,6:00 p.m.,C,Morocco,Haiti,1-0,home_win,0.1703951934875004,1-0 (0.170); 2-0 (0.147); 1-1 (0.100); 0-0 (0.099); 2-1 (0.087),0.6911607970914383,0.2211239142242379,0.0877152886843237,1.7279089296179364,0.5886400359109566,home_win,0.6911607970914383
51,2026-06-24,12:00 p.m.,B,Switzerland,Canada,1-1,draw,0.1347205736145079,1-1 (0.135); 1-0 (0.127); 0-1 (0.125); 0-0 (0.118); 2-1 (0.073),0.4555490202260684,0.2314699250585672,0.3129810547153643,1.0791974696749569,1.057137593338508,home_win,0.4555490202260684
52,2026-06-24,12:00 p.m.,B,Bosnia and Herzegovina,Qatar,1-1,draw,0.1276572036082292,1-1 (0.128); 1-0 (0.118); 0-1 (0.093); 2-1 (0.087); 0-0 (0.086),0.5383328753268855,0.227447907042123,0.2342192176309915,1.370334172077159,1.081186026598851,home_win,0.5383328753268855
53,2026-06-24,7:00 p.m.,A,Czech Republic,Mexico,1-1,draw,0.1288057242167647,1-1 (0.129); 0-1 (0.116); 1-0 (0.097); 0-0 (0.088); 1-2 (0.085),0.2340552081919721,0.2278413345915506,0.5381034572164773,1.106164563317137,1.3274262771480732,away_win,0.5381034572164773
54,2026-06-24,7:00 p.m.,A,South Africa,South Korea,0-1,away_win,0.1385621219492032,0-1 (0.139); 1-1 (0.133); 0-0 (0.116); 1-0 (0.111); 0-2 (0.083),0.1757575384821905,0.2308103138537276,0.5934321476640819,0.9592658613288086,1.1969340799029589,away_win,0.5934321476640819
55,2026-06-25,4:00 p.m.,E,Curaçao,Ivory Coast,0-2,away_win,0.1126110886147054,0-2 (0.113); 0-1 (0.101); 1-2 (0.097); 1-1 (0.088); 0-3 (0.083),0.0933993485936143,0.2148656639908893,0.6917349874154962,0.8655697155809382,2.2213502263019764,away_win,0.6917349874154962
56,2026-06-25,4:00 p.m.,E,Ecuador,Germany,0-1,away_win,0.1560907159694178,0-1 (0.156); 1-1 (0.129); 0-0 (0.122); 1-0 (0.101); 0-2 (0.100),0.2961358577622039,0.2303954279622758,0.4734687142755202,0.8251608140376264,1.275479108869585,away_win,0.4734687142755202
57,2026-06-25,6:00 p.m.,F,Japan,Sweden,2-1,home_win,0.0948229496748693,2-1 (0.095); 2-0 (0.092); 3-1 (0.078); 1-1 (0.077); 3-0 (0.076),0.5982639681777638,0.2127885314551022,0.1889475003671339,2.473256722139648,1.0308934574311128,home_win,0.5982639681777638
58,2026-06-25,6:00 p.m.,F,Tunisia,Netherlands,0-1,away_win,0.1043272300313414,0-1 (0.104); 1-1 (0.104); 0-2 (0.100); 1-2 (0.099); 0-3 (0.064),0.106754831890457,0.2198566031296004,0.6733885649799426,0.992699603449224,1.919695613435536,away_win,0.6733885649799426
59,2026-06-25,7:00 p.m.,D,Turkey,United States,1-1,draw,0.0874348855693819,1-1 (0.087); 2-1 (0.083); 1-2 (0.075); 2-2 (0.071); 3-1 (0.053),0.4324970455348565,0.2196562984640138,0.3478466560011297,1.9051471929307844,1.716662044331682,home_win,0.4324970455348565
60,2026-06-25,7:00 p.m.,D,Paraguay,Australia,0-1,away_win,0.1711407485307673,0-1 (0.171); 0-2 (0.121); 0-0 (0.121); 1-1 (0.119); 1-2 (0.085),0.2902195937362664,0.227893101196331,0.4818873050674026,0.6962121696877357,1.4190322448648025,away_win,0.4818873050674026
61,2026-06-26,3:00 p.m.,I,Norway,France,1-1,draw,0.0967855853398033,1-1 (0.097); 2-1 (0.090); 1-2 (0.072); 2-2 (0.067); 1-0 (0.065),0.2908728423603073,0.220595751495162,0.4885314061445306,1.8674701446284423,1.4934969957207669,away_win,0.4885314061445306
62,2026-06-26,3:00 p.m.,I,Senegal,Iraq,1-0,home_win,0.1906096665991379,1-0 (0.191); 0-0 (0.142); 2-0 (0.128); 1-1 (0.116); 0-1 (0.087),0.5893891962371717,0.2296773705518648,0.1809334332109634,1.3405732399332797,0.6100518312361267,home_win,0.5893891962371717
63,2026-06-26,8:00 p.m.,G,Egypt,Iran,0-1,away_win,0.170142846714644,0-1 (0.170); 0-0 (0.162); 1-1 (0.131); 1-0 (0.125); 0-2 (0.089),0.2787375629761032,0.2353483169275007,0.485914120096396,0.7700135176608812,1.0477154704698926,away_win,0.485914120096396
64,2026-06-26,8:00 p.m.,G,New Zealand,Belgium,0-2,away_win,0.0986757746367336,0-2 (0.099); 1-2 (0.094); 0-3 (0.083); 1-3 (0.079); 0-1 (0.078),0.0858943479014735,0.2115543251474089,0.7025513269511175,0.9504608665230326,2.5243116901355,away_win,0.7025513269511175
65,2026-06-26,7:00 p.m.,H,Cape Verde,Saudi Arabia,1-0,home_win,0.144294888280158,1-0 (0.144); 0-0 (0.135); 1-1 (0.135); 0-1 (0.126); 2-0 (0.077),0.3550318909747618,0.2330965504611981,0.4118715585640401,1.0687065368353443,0.933638799021208,away_win,0.4118715585640401
66,2026-06-26,6:00 p.m.,H,Uruguay,Spain,0-1,away_win,0.1654392583946941,0-1 (0.165); 0-2 (0.130); 1-1 (0.112); 0-0 (0.105); 1-2 (0.088),0.1328368387597012,0.2246868277861732,0.6424763334541255,0.67887483527404,1.5737185008305663,away_win,0.6424763334541255
67,2026-06-27,5:00 p.m.,L,Panama,England,0-2,away_win,0.1333285743754771,0-2 (0.133); 0-1 (0.128); 1-2 (0.094); 0-3 (0.092); 1-1 (0.091),0.1116148066969159,0.2157589929536296,0.6726262003494544,0.7066329548096756,2.077522617853951,away_win,0.6726262003494544
68,2026-06-27,5:00 p.m.,L,Croatia,Ghana,1-0,home_win,0.1109724127594814,1-0 (0.111); 1-1 (0.109); 2-0 (0.100); 2-1 (0.099); 0-0 (0.062),0.6789119955517096,0.2215160820572756,0.0995719223910149,1.8028298205127848,0.9850045535806992,home_win,0.6789119955517096
69,2026-06-27,9:00 p.m.,J,Algeria,Austria,1-0,home_win,0.1315950220372941,1-0 (0.132); 1-1 (0.131); 0-0 (0.103); 0-1 (0.103); 2-0 (0.084),0.3663677779805552,0.2293740792189732,0.4042581428004716,1.2722089498849554,0.996571978134696,away_win,0.4042581428004716
70,2026-06-27,9:00 p.m.,J,Jordan,Argentina,0-2,away_win,0.1514662876114643,0-2 (0.151); 0-1 (0.132); 0-3 (0.116); 1-2 (0.085); 1-1 (0.074),0.0539959602269011,0.2108223427948735,0.7351816969782252,0.5604830804697194,2.296991758058591,away_win,0.7351816969782252
71,2026-06-27,7:30 p.m.,K,Colombia,Portugal,1-1,draw,0.1112900550870052,1-1 (0.111); 1-2 (0.093); 0-1 (0.085); 2-1 (0.073); 0-2 (0.071),0.3769515869473153,0.2229848869688926,0.400063526083792,1.308418115383317,1.6671084346628,away_win,0.400063526083792
72,2026-06-27,7:30 p.m.,K,DR Congo,Uzbekistan,0-0,draw,0.2368010622356184,0-0 (0.237); 1-0 (0.186); 0-1 (0.155); 1-1 (0.122); 2-0 (0.073),0.3243107126743477,0.2432834293177956,0.4324058580078568,0.7859433001456217,0.6545915910377074,away_win,0.4324058580078568
